{"Training Loss": {"(i = 1): 196": 1.8066359758377075}, "_timestamp": 1656566219, "_runtime": 40, "_step": 15, "Training Accuracy": {"(i = 1): 196": 0.53125}}