{"Training Loss": {"(i = 1): 196": 0.37027812004089355}, "_timestamp": 1656305550, "_runtime": 185, "_step": 54, "Validation Accuracy": {"(i = 1): 196": 0.8195}, "parameters/0.weight": {"_type": "histogram", "values": [4.0, 2.0, 1.0, 4.0, 3.0, 10.0, 13.0, 13.0, 25.0, 26.0, 33.0, 54.0, 77.0, 93.0, 139.0, 174.0, 207.0, 235.0, 245.0, 265.0, 296.0, 302.0, 287.0, 255.0, 319.0, 309.0, 289.0, 296.0, 317.0, 334.0, 300.0, 292.0, 285.0, 323.0, 291.0, 299.0, 306.0, 286.0, 299.0, 302.0, 285.0, 295.0, 246.0, 230.0, 245.0, 208.0, 179.0, 139.0, 107.0, 84.0, 60.0, 34.0, 19.0, 17.0, 15.0, 9.0, 6.0, 6.0, 3.0, 1.0, 0.0, 0.0, 1.0, 1.0], "bins": [-0.2526954412460327, -0.24451564252376556, -0.2363358438014984, -0.22815604507923126, -0.2199762463569641, -0.21179644763469696, -0.2036166489124298, -0.19543685019016266, -0.1872570514678955, -0.17907725274562836, -0.1708974540233612, -0.16271765530109406, -0.1545378565788269, -0.14635805785655975, -0.1381782591342926, -0.12999846041202545, -0.1218186616897583, -0.11363886296749115, -0.105459064245224, -0.09727926552295685, -0.0890994668006897, -0.08091966807842255, -0.0727398693561554, -0.06456007063388824, -0.056380271911621094, -0.04820047318935394, -0.04002067446708679, -0.03184087574481964, -0.02366107702255249, -0.01548127830028534, -0.0073014795780181885, 0.0008783191442489624, 0.009058088064193726, 0.017237886786460876, 0.025417685508728027, 0.03359748423099518, 0.04177728295326233, 0.04995708167552948, 0.05813688039779663, 0.06631667912006378, 0.07449647784233093, 0.08267627656459808, 0.09085607528686523, 0.09903587400913239, 0.10721567273139954, 0.11539547145366669, 0.12357527017593384, 0.131755068898201, 0.13993486762046814, 0.1481146663427353, 0.15629446506500244, 0.1644742637872696, 0.17265406250953674, 0.1808338612318039, 0.18901365995407104, 0.1971934586763382, 0.20537325739860535, 0.2135530561208725, 0.22173285484313965, 0.2299126535654068, 0.23809245228767395, 0.2462722510099411, 0.25445204973220825, 0.2626318335533142, 0.27081164717674255]}, "parameters/0.bias": {"_type": "histogram", "values": [1.0, 0.0, 1.0, 1.0, 0.0, 2.0, 4.0, 3.0, 2.0, 1.0, 3.0, 2.0, 3.0, 4.0, 5.0, 5.0, 6.0, 1.0, 1.0, 6.0, 3.0, 3.0, 5.0, 1.0, 3.0, 2.0, 6.0, 8.0, 6.0, 5.0, 9.0, 6.0, 3.0, 5.0, 9.0, 5.0, 5.0, 2.0, 4.0, 6.0, 1.0, 4.0, 8.0, 5.0, 5.0, 1.0, 2.0, 2.0, 4.0, 2.0, 1.0, 3.0, 0.0, 1.0, 0.0, 2.0, 1.0, 1.0, 3.0, 0.0, 2.0, 0.0, 0.0, 1.0], "bins": [-0.17657683789730072, -0.17025181651115417, -0.16392681002616882, -0.15760178864002228, -0.15127676725387573, -0.14495176076889038, -0.13862673938274384, -0.1323017179965973, -0.12597671151161194, -0.11965169757604599, -0.11332667618989944, -0.1070016622543335, -0.10067664086818695, -0.094351626932621, -0.08802661299705505, -0.08170159161090851, -0.07537657022476196, -0.06905155628919601, -0.06272653490304947, -0.05640152096748352, -0.050076503306627274, -0.04375148564577103, -0.03742647171020508, -0.03110145404934883, -0.02477644383907318, -0.018451426178216934, -0.012126410380005836, -0.005801394581794739, 0.0005236230790615082, 0.006848640739917755, 0.013173654675483704, 0.01949867233633995, 0.02582371234893799, 0.032148730009794235, 0.03847374767065048, 0.04479876160621643, 0.05112377926707268, 0.057448796927928925, 0.06377381086349487, 0.07009883224964142, 0.07642385363578796, 0.08274886757135391, 0.08907388895750046, 0.0953989028930664, 0.10172392427921295, 0.1080489382147789, 0.11437395215034485, 0.1206989735364914, 0.12702398002147675, 0.1333490014076233, 0.13967400789260864, 0.1459990292787552, 0.15232405066490173, 0.15864905714988708, 0.16497407853603363, 0.17129909992218018, 0.17762410640716553, 0.18394912779331207, 0.19027413427829742, 0.19659915566444397, 0.20292417705059052, 0.20924919843673706, 0.2155742049217224, 0.22189922630786896, 0.2282242476940155]}, "parameters/3.weight": {"_type": "histogram", "values": [1.0, 0.0, 1.0, 1.0, 2.0, 3.0, 1.0, 4.0, 3.0, 7.0, 5.0, 6.0, 3.0, 3.0, 5.0, 8.0, 4.0, 6.0, 1.0, 1.0, 4.0, 1.0, 3.0, 2.0, 2.0, 1.0, 1.0, 2.0, 1.0, 5.0, 2.0, 1.0, 2.0, 0.0, 3.0, 4.0, 5.0, 4.0, 2.0, 4.0, 2.0, 5.0, 3.0, 2.0, 1.0, 3.0, 6.0, 3.0, 5.0, 7.0, 7.0, 7.0, 8.0, 3.0, 3.0, 3.0, 3.0, 4.0, 1.0, 1.0, 1.0, 2.0, 1.0, 1.0], "bins": [-0.11981020867824554, -0.11550406366586685, -0.11119791865348816, -0.10689177364110947, -0.10258562862873077, -0.09827948361635208, -0.09397333860397339, -0.08966720104217529, -0.085361048579216, -0.08105490356683731, -0.07674875855445862, -0.07244261354207993, -0.06813646852970123, -0.06383032351732254, -0.059524182230234146, -0.055218037217855453, -0.05091189593076706, -0.04660575091838837, -0.042299605906009674, -0.03799346089363098, -0.03368731588125229, -0.029381172731518745, -0.025075029581785202, -0.02076888456940651, -0.016462743282318115, -0.012156598269939423, -0.007850454188883305, -0.0035443101078271866, 0.000761834904551506, 0.005067979916930199, 0.009374123066663742, 0.013680268079042435, 0.017986416816711426, 0.02229256182909012, 0.02659870684146881, 0.030904849991202354, 0.035210996866226196, 0.03951714187860489, 0.04382328316569328, 0.048129428178071976, 0.05243557691574097, 0.05674172192811966, 0.06104786694049835, 0.06535401195287704, 0.06966015696525574, 0.07396630197763443, 0.07827244699001312, 0.08257858455181122, 0.08688472956418991, 0.0911908745765686, 0.0954970195889473, 0.09980316460132599, 0.10410930961370468, 0.10841545462608337, 0.11272159218788147, 0.11702774465084076, 0.12133388221263885, 0.12564001977443695, 0.12994617223739624, 0.13425230979919434, 0.13855846226215363, 0.14286459982395172, 0.147170752286911, 0.1514768898487091, 0.1557830423116684]}, "parameters/3.bias": {"_type": "histogram", "values": [0.0, 0.0, 0.0, 0.0, 0.0, 0.0, 0.0, 0.0, 0.0, 0.0, 0.0, 0.0, 0.0, 0.0, 0.0, 0.0, 0.0, 0.0, 0.0, 0.0, 0.0, 0.0, 0.0, 0.0, 0.0, 0.0, 0.0, 0.0, 0.0, 0.0, 0.0, 0.0, 1.0, 0.0, 0.0, 0.0, 0.0, 0.0, 0.0, 0.0, 0.0, 0.0, 0.0, 0.0, 0.0, 0.0, 0.0, 0.0, 0.0, 0.0, 0.0, 0.0, 0.0, 0.0, 0.0, 0.0, 0.0, 0.0, 0.0, 0.0, 0.0, 0.0, 0.0, 0.0], "bins": [0.09969396889209747, 0.09969396889209747, 0.09969396889209747, 0.09969396889209747, 0.09969396889209747, 0.09969396889209747, 0.09969396889209747, 0.09969396889209747, 0.09969396889209747, 0.09969396889209747, 0.09969396889209747, 0.09969396889209747, 0.09969396889209747, 0.09969396889209747, 0.09969396889209747, 0.09969396889209747, 0.09969396889209747, 0.09969396889209747, 0.09969396889209747, 0.09969396889209747, 0.09969396889209747, 0.09969396889209747, 0.09969396889209747, 0.09969396889209747, 0.09969396889209747, 0.09969396889209747, 0.09969396889209747, 0.09969396889209747, 0.09969396889209747, 0.09969396889209747, 0.09969396889209747, 0.09969396889209747, 0.09969396889209747, 0.09969396889209747, 0.09969396889209747, 0.09969396889209747, 0.09969396889209747, 0.09969396889209747, 0.09969396889209747, 0.09969396889209747, 0.09969396889209747, 0.09969396889209747, 0.09969396889209747, 0.09969396889209747, 0.09969396889209747, 0.09969396889209747, 0.09969396889209747, 0.09969396889209747, 0.09969396889209747, 0.09969396889209747, 0.09969396889209747, 0.09969396889209747, 0.09969396889209747, 0.09969396889209747, 0.09969396889209747, 0.09969396889209747, 0.09969396889209747, 0.09969396889209747, 0.09969396889209747, 0.09969396889209747, 0.09969396889209747, 0.09969396889209747, 0.09969396889209747, 0.09969396889209747, 0.09969396889209747]}}