{"Training Loss": {"(i = 5): 44": 0.9830236434936523}, "_timestamp": 1656340558, "_runtime": 28, "_step": 8, "Validation Loss": {"(i = 5): 44": 0.9346632361412048}, "Validation Accuracy": {"(i = 5): 44": 0.632}, "_wandb": {"runtime": 28}}