{"Training Loss": {"(i = 1): 196": 0.3014819025993347}, "_timestamp": 1656344336, "_runtime": 120, "_step": 65, "Training Accuracy": {"(i = 1): 196": 0.91015625}, "Validation Loss": {"(i = 1): 196": 0.5056554675102234}, "Validation Accuracy": {"(i = 1): 196": 0.8155}}